<!--
 Copyright (C) 2005, 2006 Joe Walnes.
 Copyright (C) 2006, 2007, 2010, 2011 XStream committers.
 All rights reserved.
 
 The software in this package is published under the terms of the BSD
 style license a copy of which has been included with this distribution in
 the LICENSE.txt file.
 
 Created on 29. January 2005 by Joe Walnes
 -->
<sitemap>
    <section>
        <name>Software</name>
        <page>index.html</page>
        <page>news.html</page>
        <page>changes.html</page>
        <page>versioning.html</page>
    </section>
    <section>
        <name>Evaluating XStream</name>
        <page>tutorial.html</page>
        <page>graphs.html</page>
        <page>manual-tweaking-output.html</page>
        <page>license.html</page>
        <page>download.html</page>
        <page>references.html</page>
        <page>parser-benchmarks.html</page>
        <link title="Code Statistics">http://www.ohloh.net/projects/3459</link>
    </section>
    <section>
        <name>Using XStream</name>
        <page>architecture.html</page>
        <page>converters.html</page>
        <page>security.html</page>
        <page>faq.html</page>
        <page>list-user.html</page>
        <page>issues.html</page>
    </section>
    <section>
        <name>Javadoc</name>
        <link title="XStream Core">javadoc/index.html</link>
        <link title="Hibernate Extensions">hibernate-javadoc/index.html</link>
        <link title="Benchmark Module">benchmark-javadoc/index.html</link>
    </section>
    <section>
        <name>Tutorials</name>
        <page>tutorial.html</page>
        <page>alias-tutorial.html</page>
        <page>annotations-tutorial.html</page>
        <page>converter-tutorial.html</page>
        <page>objectstream.html</page>
        <page>persistence-tutorial.html</page>
        <page>json-tutorial.html</page>
    </section>
    <section>
        <name>Developing XStream</name>
        <page>how-to-contribute.html</page>
        <page>list-dev.html</page>
        <page>team.html</page>
        <page>repository.html</page>
        <link title="Continuous Integration">http://bamboo.ci.codehaus.org/browse/XSTREAM</link>
    </section>
</sitemap>
